id,first_name,last_name,email,role
1,Dedie,Paraman,dparaman0@buzzfeed.com,Construction Manager
2,Meredith,Peschmann,mpeschmann1@cloudflare.com,Estimator
3,Brien,Piell,bpiell2@ucsd.edu,Construction Manager
4,Kerry,Yurkin,kyurkin3@abc.net.au,Subcontractor
5,Kelila,Gianotti,kgianotti4@whitehouse.gov,Construction Worker
6,Mariska,Dunstone,mdunstone5@nbcnews.com,Architect
7,Lion,Jandourek,ljandourek6@123-reg.co.uk,Architect
8,Fritz,Upjohn,fupjohn7@github.com,Engineer
9,Taryn,Lafoy,tlafoy8@over-blog.com,Project Manager
10,Killy,Taffarello,ktaffarello9@taobao.com,Construction Worker
11,Hazel,Dibley,hdibleya@mac.com,Construction Manager
12,Michele,Halversen,mhalversenb@xing.com,Estimator
13,Codie,Zealey,czealeyc@hp.com,Construction Worker
14,Marna,McQuillan,mmcquilland@reuters.com,Construction Manager
15,Cherise,Molnar,cmolnare@github.io,Supervisor
16,Les,Strasse,lstrassef@oakley.com,Supervisor
17,Franny,Crayke,fcraykeg@mashable.com,Subcontractor
18,Georgena,Rivallant,grivallanth@wp.com,Subcontractor
19,Melesa,Bearham,mbearhami@delicious.com,Project Manager
20,Stacee,Gate,sgatej@wunderground.com,Architect
21,Kaye,Monkleigh,kmonkleighk@cyberchimps.com,Engineer
22,Bethena,Rounce,brouncel@webeden.co.uk,Construction Expeditor
23,Adoree,Binham,abinhamm@51.la,Subcontractor
24,Cristiano,Domoney,cdomoneyn@si.edu,Engineer
25,Francklyn,Spatig,fspatigo@wp.com,Construction Expeditor
26,Briney,Gallager,bgallagerp@virginia.edu,Construction Foreman
27,Mohandas,Cloute,mclouteq@simplemachines.org,Estimator
28,Kacy,Shawdforth,kshawdforthr@gmpg.org,Surveyor
29,Kristine,Rapi,krapis@gmpg.org,Supervisor
30,Hagen,Reynault,hreynaultt@t.co,Project Manager
31,Sutton,Dunton,sduntonu@bing.com,Supervisor
32,Linn,Wogden,lwogdenv@wordpress.com,Project Manager
33,Marlee,Moyes,mmoyesw@yahoo.co.jp,Construction Worker
34,Sherri,Scaice,sscaicex@plala.or.jp,Project Manager
35,Radcliffe,Sterre,rsterrey@pbs.org,Construction Manager
36,Laurie,Toulch,ltoulchz@gnu.org,Subcontractor
37,Lem,Stickels,lstickels10@liveinternet.ru,Estimator
38,Alessandro,Chesley,achesley11@acquirethisname.com,Supervisor
39,Blancha,Bohlje,bbohlje12@privacy.gov.au,Project Manager
40,Mitchael,Jeenes,mjeenes13@weebly.com,Electrician
41,Harold,Barnett,hbarnett14@com.com,Construction Foreman
42,Belia,Carnie,bcarnie15@i2i.jp,Construction Worker
43,Kimbell,Skyrme,kskyrme16@mtv.com,Surveyor
44,Gregor,Vanes,gvanes17@ezinearticles.com,Estimator
45,Cherye,Hearns,chearns18@ameblo.jp,Surveyor
46,Crystie,Vasilov,cvasilov19@mail.ru,Estimator
47,Ramsay,Lockey,rlockey1a@ebay.co.uk,Subcontractor
48,Hanan,Rhys,hrhys1b@bbb.org,Supervisor
49,Jay,Lucock,jlucock1c@google.ca,Subcontractor
50,Bert,Kilday,bkilday1d@netlog.com,Engineer
51,Nora,Jesper,njesper1e@ucoz.com,Construction Worker
52,Rollins,Simonds,rsimonds1f@surveymonkey.com,Electrician
53,Calv,Redier,credier1g@dailymotion.com,Construction Foreman
54,Guthry,Hearnes,ghearnes1h@psu.edu,Subcontractor
55,Georgie,Riordan,griordan1i@samsung.com,Electrician
56,Leigh,Gilfether,lgilfether1j@examiner.com,Subcontractor
57,Melanie,MacAlester,mmacalester1k@reverbnation.com,Project Manager
58,Kerwinn,Soutter,ksoutter1l@mapy.cz,Project Manager
59,Gabrila,Grzelczyk,ggrzelczyk1m@ebay.com,Subcontractor
60,Spenser,Gadd,sgadd1n@sina.com.cn,Project Manager
61,Timmy,Glasscock,tglasscock1o@nature.com,Estimator
62,Fayth,Adicot,fadicot1p@springer.com,Engineer
63,Emmalynn,Worboys,eworboys1q@army.mil,Project Manager
64,Chelsey,Hartell,chartell1r@nasa.gov,Estimator
65,Linnet,Ortet,lortet1s@statcounter.com,Project Manager
66,Alessandra,Valens-Smith,avalenssmith1t@sfgate.com,Construction Expeditor
67,Jervis,Brymham,jbrymham1u@xing.com,Surveyor
68,Aldo,Case,acase1v@infoseek.co.jp,Surveyor
69,Ciel,Domniney,cdomniney1w@wsj.com,Electrician
70,Sherry,Collough,scollough1x@huffingtonpost.com,Surveyor
71,Barnebas,Snazle,bsnazle1y@timesonline.co.uk,Construction Expeditor
72,Thaxter,Gannicott,tgannicott1z@house.gov,Construction Foreman
73,Vern,Akess,vakess20@w3.org,Estimator
74,Ailey,Piperley,apiperley21@nytimes.com,Construction Foreman
75,Lyell,Howlings,lhowlings22@hubpages.com,Surveyor
76,Lark,Nuzzetti,lnuzzetti23@networkadvertising.org,Subcontractor
77,Zebulen,Disney,zdisney24@shinystat.com,Construction Foreman
78,Lelah,Life,llife25@google.it,Project Manager
79,Rouvin,Garfath,rgarfath26@icio.us,Estimator
80,Cheryl,Shelmardine,cshelmardine27@washington.edu,Estimator
81,Kirby,Sappell,ksappell28@usgs.gov,Construction Manager
82,Berkeley,Deehan,bdeehan29@seesaa.net,Supervisor
83,Lovell,Breckon,lbreckon2a@artisteer.com,Electrician
84,Glendon,Droghan,gdroghan2b@twitter.com,Engineer
85,Marchall,Pellissier,mpellissier2c@360.cn,Architect
86,Daniele,Chalice,dchalice2d@twitpic.com,Subcontractor
87,Chiarra,Caiger,ccaiger2e@symantec.com,Subcontractor
88,Austin,Fibbens,afibbens2f@dedecms.com,Architect
89,Vida,Abella,vabella2g@webs.com,Engineer
90,Anders,Andrzejewski,aandrzejewski2h@addthis.com,Supervisor
91,Golda,Soppitt,gsoppitt2i@miitbeian.gov.cn,Construction Worker
92,Blanca,Hallgate,bhallgate2j@jugem.jp,Project Manager
93,Willow,Mothersdale,wmothersdale2k@mtv.com,Construction Worker
94,Martyn,Plumm,mplumm2l@mozilla.com,Electrician
95,Monroe,Wilsone,mwilsone2m@boston.com,Construction Foreman
96,Elston,Stute,estute2n@howstuffworks.com,Architect
97,Sherlocke,Francom,sfrancom2o@cnbc.com,Construction Expeditor
98,Antoinette,Stillert,astillert2p@howstuffworks.com,Engineer
99,Pier,Grouvel,pgrouvel2q@sphinn.com,Project Manager
100,Bartholomeus,Rofe,brofe2r@yellowbook.com,Subcontractor
101,Netty,Caisley,ncaisley2s@globo.com,Architect
102,Candace,Greiser,cgreiser2t@cbslocal.com,Architect
103,Evelin,Zanussii,ezanussii2u@google.it,Construction Manager
104,Burty,Canas,bcanas2v@instagram.com,Project Manager
105,Hercule,Paulley,hpaulley2w@angelfire.com,Construction Manager
106,Gilberte,MacCleod,gmaccleod2x@dedecms.com,Supervisor
107,Katine,Charles,kcharles2y@tripadvisor.com,Subcontractor
108,Caril,Brewett,cbrewett2z@ovh.net,Architect
109,Merissa,Gallimore,mgallimore30@cargocollective.com,Supervisor
110,Liesa,Fries,lfries31@4shared.com,Surveyor
111,Waring,Verheyden,wverheyden32@hibu.com,Surveyor
112,Anjela,Bosworth,abosworth33@i2i.jp,Surveyor
113,Giuditta,Blasik,gblasik34@tinypic.com,Electrician
114,Davidde,Kerrane,dkerrane35@theglobeandmail.com,Engineer
115,Lorie,Staddart,lstaddart36@cam.ac.uk,Construction Expeditor
116,Cass,Charer,ccharer37@addthis.com,Construction Foreman
117,Tiffi,Cradock,tcradock38@themeforest.net,Engineer
118,Philip,Krolak,pkrolak39@reddit.com,Electrician
119,Heindrick,Hawes,hhawes3a@ocn.ne.jp,Construction Manager
120,Mordy,Stealy,mstealy3b@utexas.edu,Subcontractor
121,Monica,Redwing,mredwing3c@chron.com,Supervisor
122,Legra,Dodell,ldodell3d@typepad.com,Electrician
123,Sandye,Haselden,shaselden3e@usnews.com,Surveyor
124,Atlante,Undrell,aundrell3f@hatena.ne.jp,Engineer
125,Gwenni,Ivison,givison3g@symantec.com,Construction Manager
126,Megen,Seniour,mseniour3h@themeforest.net,Construction Manager
127,Herschel,Tapin,htapin3i@vimeo.com,Construction Foreman
128,Rhoda,Callister,rcallister3j@state.tx.us,Construction Expeditor
129,Hillary,Hurdwell,hhurdwell3k@newyorker.com,Estimator
130,Brannon,Adame,badame3l@newsvine.com,Project Manager
131,Hilliary,Daubeny,hdaubeny3m@tinyurl.com,Subcontractor
132,Pancho,Irdale,pirdale3n@tiny.cc,Subcontractor
133,Ogdan,Langford,olangford3o@cisco.com,Construction Worker
134,Cordelia,Rayhill,crayhill3p@time.com,Subcontractor
135,Afton,Gadesby,agadesby3q@economist.com,Subcontractor
136,Alessandra,Blythe,ablythe3r@yahoo.com,Engineer
137,Steve,Just,sjust3s@cyberchimps.com,Construction Foreman
138,Tallou,Mordey,tmordey3t@hp.com,Architect
139,Hermann,Pickworth,hpickworth3u@plala.or.jp,Construction Foreman
140,Caresse,Biasi,cbiasi3v@tinyurl.com,Electrician
141,Tanya,Ciccotti,tciccotti3w@harvard.edu,Supervisor
142,Herby,Quarterman,hquarterman3x@slideshare.net,Construction Manager
143,Ricoriki,Arents,rarents3y@goodreads.com,Construction Manager
144,Audry,Grigg,agrigg3z@ucoz.com,Electrician
145,Barnard,Coulton,bcoulton40@discuz.net,Electrician
146,Lonee,Vibert,lvibert41@usa.gov,Construction Foreman
147,Ruthe,Grzegorecki,rgrzegorecki42@booking.com,Construction Manager
148,Isaiah,Morrott,imorrott43@multiply.com,Architect
149,Fairleigh,MacDermid,fmacdermid44@zimbio.com,Estimator
150,Louise,Callister,lcallister45@wisc.edu,Estimator
151,Wilow,Swigg,wswigg46@about.com,Surveyor
152,Anders,Lakes,alakes47@gizmodo.com,Surveyor
153,Loy,Comerford,lcomerford48@de.vu,Project Manager
154,Yolanthe,Ward,yward49@cmu.edu,Construction Expeditor
155,Jasmine,Terris,jterris4a@gov.uk,Subcontractor
156,Michelina,Cridlan,mcridlan4b@jimdo.com,Subcontractor
157,Monro,Croal,mcroal4c@cdbaby.com,Architect
158,Gan,Sprosson,gsprosson4d@hud.gov,Estimator
159,Beau,Pinnegar,bpinnegar4e@webs.com,Electrician
160,Cornie,McCowan,cmccowan4f@imageshack.us,Estimator
161,Pen,Cicconetti,pcicconetti4g@a8.net,Construction Worker
162,Travers,Cristoforo,tcristoforo4h@answers.com,Estimator
163,Irena,Firk,ifirk4i@washington.edu,Project Manager
164,Kristoforo,Handover,khandover4j@google.de,Construction Expeditor
165,Teresa,Dowdney,tdowdney4k@angelfire.com,Estimator
166,Zebadiah,Goodsell,zgoodsell4l@phpbb.com,Subcontractor
167,Lorette,Senchenko,lsenchenko4m@sbwire.com,Construction Foreman
168,Nicol,Trowel,ntrowel4n@stanford.edu,Architect
169,Sylvia,Radband,sradband4o@accuweather.com,Construction Foreman
170,Joelynn,Wewell,jwewell4p@usnews.com,Surveyor
171,Kessia,Cosslett,kcosslett4q@google.it,Construction Foreman
172,Huntley,Gullberg,hgullberg4r@cdbaby.com,Subcontractor
173,Wynn,Pitblado,wpitblado4s@behance.net,Construction Worker
174,Lisa,Fesby,lfesby4t@nbcnews.com,Subcontractor
175,Mateo,Stein,mstein4u@economist.com,Engineer
176,Nadia,Aubrun,naubrun4v@archive.org,Engineer
177,Blake,Cossor,bcossor4w@163.com,Architect
178,Kikelia,Abelov,kabelov4x@tripadvisor.com,Subcontractor
179,Sande,Cicullo,scicullo4y@plala.or.jp,Construction Expeditor
180,Hildagard,Troillet,htroillet4z@gnu.org,Electrician
181,Torrance,Tonbridge,ttonbridge50@businesswire.com,Engineer
182,Merralee,Saunter,msaunter51@howstuffworks.com,Supervisor
183,Nollie,Soldan,nsoldan52@constantcontact.com,Supervisor
184,Fraze,Semeradova,fsemeradova53@adobe.com,Construction Foreman
185,Christi,Erdes,cerdes54@nymag.com,Construction Worker
186,Tanya,Tesseyman,ttesseyman55@tinypic.com,Construction Expeditor
187,Brendan,Bunney,bbunney56@boston.com,Project Manager
188,Beilul,Bussey,bbussey57@nba.com,Supervisor
189,Rafaelita,Formie,rformie58@cornell.edu,Construction Foreman
190,Rubetta,Snalum,rsnalum59@icq.com,Construction Expeditor
191,Amity,Schankelborg,aschankelborg5a@amazon.de,Electrician
192,Stephine,Prevett,sprevett5b@woothemes.com,Construction Expeditor
193,Brynna,Francesc,bfrancesc5c@themeforest.net,Estimator
194,June,Van Salzberger,jvansalzberger5d@ebay.com,Construction Worker
195,Cary,Cauldfield,ccauldfield5e@people.com.cn,Construction Manager
196,Joellen,Densey,jdensey5f@usatoday.com,Subcontractor
197,Alejandra,Cunniam,acunniam5g@pen.io,Supervisor
198,Alden,Sibley,asibley5h@ox.ac.uk,Construction Worker
199,Neil,Gostling,ngostling5i@mtv.com,Engineer
200,Sheri,Asif,sasif5j@techcrunch.com,Construction Foreman
201,Scott,Hallam,shallam5k@domainmarket.com,Construction Worker
202,Mead,Yesichev,myesichev5l@ftc.gov,Construction Foreman
203,Jameson,Spedroni,jspedroni5m@squarespace.com,Surveyor
204,Marleen,Zoren,mzoren5n@nasa.gov,Construction Foreman
205,Tove,Sallier,tsallier5o@icio.us,Construction Foreman
206,George,Proudlock,gproudlock5p@a8.net,Project Manager
207,Simona,Bavin,sbavin5q@arstechnica.com,Electrician
208,Jelene,Gwin,jgwin5r@hatena.ne.jp,Engineer
209,Daffy,Vernham,dvernham5s@wufoo.com,Construction Expeditor
210,Lorilee,Born,lborn5t@dagondesign.com,Supervisor
211,Alic,Lanegran,alanegran5u@intel.com,Electrician
212,Rosy,Gerauld,rgerauld5v@newyorker.com,Construction Worker
213,Esther,Paschke,epaschke5w@free.fr,Surveyor
214,Shalne,Kincade,skincade5x@hatena.ne.jp,Electrician
215,Etan,Egdal,eegdal5y@loc.gov,Subcontractor
216,Phoebe,Janota,pjanota5z@mtv.com,Engineer
217,Wallace,Durgan,wdurgan60@washingtonpost.com,Construction Expeditor
218,Livy,Jeeves,ljeeves61@sohu.com,Architect
219,Tamma,Eddisford,teddisford62@wordpress.com,Construction Expeditor
220,Helen-elizabeth,Cleef,hcleef63@nhs.uk,Architect
221,Meridith,Oak,moak64@geocities.com,Surveyor
222,Stewart,Fortin,sfortin65@instagram.com,Construction Manager
223,Darcee,Barby,dbarby66@tmall.com,Supervisor
224,Michail,Starbuck,mstarbuck67@uiuc.edu,Project Manager
225,Pamela,Jewiss,pjewiss68@hc360.com,Estimator
226,Clay,Greathead,cgreathead69@cbc.ca,Supervisor
227,Heda,Gray,hgray6a@nyu.edu,Construction Expeditor
228,Hetti,Foynes,hfoynes6b@usatoday.com,Construction Worker
229,Bernette,Perago,bperago6c@accuweather.com,Estimator
230,Claudie,Gillison,cgillison6d@craigslist.org,Estimator
231,Teresa,Swanger,tswanger6e@delicious.com,Construction Manager
232,Brenna,Stennard,bstennard6f@stumbleupon.com,Architect
233,Alon,Emanuel,aemanuel6g@arizona.edu,Surveyor
234,Gill,Synnot,gsynnot6h@yolasite.com,Project Manager
235,Dru,Scandwright,dscandwright6i@arizona.edu,Construction Manager
236,Veriee,Seaward,vseaward6j@ebay.com,Construction Manager
237,Jeanna,Dominique,jdominique6k@shareasale.com,Architect
238,Kellen,Larmett,klarmett6l@soundcloud.com,Supervisor
239,Cordey,Guerrieri,cguerrieri6m@wp.com,Construction Foreman
240,Carrol,Arkcoll,carkcoll6n@independent.co.uk,Subcontractor
241,Amalee,Carayol,acarayol6o@cpanel.net,Surveyor
242,Brandea,Ganford,bganford6p@omniture.com,Supervisor
243,Kerstin,Gasquoine,kgasquoine6q@scientificamerican.com,Supervisor
244,Gregoor,Dollin,gdollin6r@mac.com,Construction Foreman
245,Rozele,Asling,rasling6s@nba.com,Construction Foreman
246,Darcy,Jelley,djelley6t@clickbank.net,Electrician
247,Merrill,Longden,mlongden6u@vistaprint.com,Engineer
248,Iosep,Meiklejohn,imeiklejohn6v@ftc.gov,Construction Worker
249,Darryl,Hymer,dhymer6w@census.gov,Surveyor
250,Sharia,Andrzejak,sandrzejak6x@bloglovin.com,Construction Foreman
251,Retha,Tinline,rtinline6y@discuz.net,Construction Manager
252,Edeline,Stoad,estoad6z@mlb.com,Construction Expeditor
253,Bridie,Shave,bshave70@dropbox.com,Construction Worker
254,Madeleine,Theobalds,mtheobalds71@reverbnation.com,Supervisor
255,Robenia,Rangall,rrangall72@digg.com,Estimator
256,Wendel,Bulbrook,wbulbrook73@indiegogo.com,Electrician
257,Ferris,Domnin,fdomnin74@berkeley.edu,Project Manager
258,Auria,Kells,akells75@time.com,Construction Expeditor
259,Raymond,Althorpe,ralthorpe76@cnn.com,Subcontractor
260,Nicol,Hanhart,nhanhart77@chicagotribune.com,Subcontractor
261,Howard,Banker,hbanker78@ox.ac.uk,Electrician
262,Ximenes,Sartain,xsartain79@umn.edu,Project Manager
263,Corine,McCree,cmccree7a@sohu.com,Construction Expeditor
264,Ilyse,Redfield,iredfield7b@aboutads.info,Architect
265,Inez,Parbrook,iparbrook7c@livejournal.com,Construction Manager
266,Ella,Steinhammer,esteinhammer7d@etsy.com,Estimator
267,Cleopatra,McAleese,cmcaleese7e@nsw.gov.au,Supervisor
268,Reagan,Wingate,rwingate7f@ox.ac.uk,Subcontractor
269,Elana,Snoxill,esnoxill7g@freewebs.com,Project Manager
270,Lothario,Fassbindler,lfassbindler7h@list-manage.com,Construction Manager
271,Gwyneth,Gildroy,ggildroy7i@mail.ru,Construction Manager
272,Von,Bromley,vbromley7j@blogger.com,Surveyor
273,Lucille,Ewbank,lewbank7k@prweb.com,Construction Worker
274,Valentine,Argrave,vargrave7l@flavors.me,Supervisor
275,Ginni,Tudball,gtudball7m@purevolume.com,Project Manager
276,Dimitri,Allender,dallender7n@1688.com,Engineer
277,Jeremias,Leuchars,jleuchars7o@people.com.cn,Construction Expeditor
278,Fae,Robertsen,frobertsen7p@google.com.hk,Construction Foreman
279,Zackariah,Seabrooke,zseabrooke7q@mashable.com,Subcontractor
280,Desiree,Danielsohn,ddanielsohn7r@networkadvertising.org,Construction Foreman
281,Marlo,Pearlman,mpearlman7s@posterous.com,Construction Foreman
282,Kevon,Newbatt,knewbatt7t@ihg.com,Construction Expeditor
283,Jeri,Ivatts,jivatts7u@sciencedirect.com,Project Manager
284,Pete,Noulton,pnoulton7v@admin.ch,Architect
285,Jerrie,Roffey,jroffey7w@istockphoto.com,Estimator
286,Nissa,O'Geneay,nogeneay7x@360.cn,Estimator
287,Leisha,Le Barr,llebarr7y@weibo.com,Architect
288,Lia,Merrington,lmerrington7z@latimes.com,Engineer
289,Gerome,Jarrelt,gjarrelt80@discovery.com,Surveyor
290,Martainn,Urien,murien81@si.edu,Construction Foreman
291,Gregor,Lesley,glesley82@imgur.com,Construction Manager
292,Nettle,Veale,nveale83@weather.com,Electrician
293,Georgi,Oakeshott,goakeshott84@wp.com,Construction Foreman
294,Giavani,Bernardi,gbernardi85@hugedomains.com,Architect
295,Lily,Probate,lprobate86@ucsd.edu,Construction Expeditor
296,Courtnay,de Mendoza,cdemendoza87@github.com,Estimator
297,Susanna,Hillin,shillin88@webs.com,Construction Foreman
298,Daniella,Fellgett,dfellgett89@1und1.de,Engineer
299,Caralie,Kellie,ckellie8a@seesaa.net,Electrician
300,Dorolisa,Imort,dimort8b@blinklist.com,Surveyor
301,Gretal,Pryer,gpryer8c@boston.com,Surveyor
302,Andra,Jarnell,ajarnell8d@samsung.com,Construction Worker
303,Packston,Cockayne,pcockayne8e@admin.ch,Supervisor
304,Sheridan,Kahler,skahler8f@shinystat.com,Construction Manager
305,Ginelle,Sprigging,gsprigging8g@ning.com,Construction Foreman
306,Ruy,Janout,rjanout8h@wufoo.com,Construction Worker
307,Giustino,Strathern,gstrathern8i@hostgator.com,Subcontractor
308,Vernon,Johnsson,vjohnsson8j@elpais.com,Project Manager
309,Joelle,Fley,jfley8k@zdnet.com,Construction Worker
310,King,Mayhew,kmayhew8l@w3.org,Project Manager
311,Antoni,Plunket,aplunket8m@ask.com,Project Manager
312,Cristen,Gartland,cgartland8n@sina.com.cn,Construction Worker
313,Monte,Hattam,mhattam8o@comsenz.com,Construction Manager
314,Rodolphe,Tabourier,rtabourier8p@weebly.com,Project Manager
315,Eba,Hearnah,ehearnah8q@amazon.co.uk,Surveyor
316,Rhoda,Renney,rrenney8r@rediff.com,Surveyor
317,Jany,Gilliat,jgilliat8s@dot.gov,Estimator
318,Geneva,Rodie,grodie8t@elpais.com,Supervisor
319,Giavani,Branche,gbranche8u@nba.com,Construction Expeditor
320,Gregorius,Faraday,gfaraday8v@arstechnica.com,Electrician
321,Maribelle,Longworthy,mlongworthy8w@aboutads.info,Subcontractor
322,Eleanora,Bloxholm,ebloxholm8x@cloudflare.com,Construction Manager
323,Johannes,Jills,jjills8y@cafepress.com,Estimator
324,Karol,Cassedy,kcassedy8z@businessinsider.com,Estimator
325,Parke,Melling,pmelling90@economist.com,Surveyor
326,Gretchen,Bissatt,gbissatt91@unblog.fr,Construction Worker
327,Kayne,Trice,ktrice92@nbcnews.com,Supervisor
328,Beatrix,Trelevan,btrelevan93@rambler.ru,Construction Expeditor
329,John,Cardus,jcardus94@4shared.com,Architect
330,Ruy,Icke,ricke95@desdev.cn,Electrician
331,Kali,Roberson,kroberson96@accuweather.com,Construction Foreman
332,Rhys,Hegarty,rhegarty97@cam.ac.uk,Engineer
333,Ring,Heaney`,rheaney98@msu.edu,Surveyor
334,Eziechiele,Faust,efaust99@springer.com,Subcontractor
335,Gilly,Brinkman,gbrinkman9a@upenn.edu,Electrician
336,Ryun,Floyde,rfloyde9b@soundcloud.com,Architect
337,Ruprecht,Lovatt,rlovatt9c@skype.com,Electrician
338,Ramonda,Francescozzi,rfrancescozzi9d@stanford.edu,Surveyor
339,Cindie,Golt,cgolt9e@de.vu,Engineer
340,Opal,Van Salzberger,ovansalzberger9f@twitpic.com,Construction Manager
341,Randa,Barnham,rbarnham9g@geocities.com,Construction Expeditor
342,Tynan,Jodrelle,tjodrelle9h@hao123.com,Construction Foreman
343,Jesse,Bulpitt,jbulpitt9i@sbwire.com,Construction Worker
344,Ilene,Arington,iarington9j@baidu.com,Estimator
345,Florenza,Judd,fjudd9k@exblog.jp,Surveyor
346,Annice,Castri,acastri9l@twitpic.com,Construction Manager
347,Emiline,Darton,edarton9m@bing.com,Supervisor
348,Angel,Shildrick,ashildrick9n@gov.uk,Surveyor
349,Carena,Wudeland,cwudeland9o@youku.com,Engineer
350,Bjorn,McLuckie,bmcluckie9p@kickstarter.com,Project Manager
351,Talia,Lassells,tlassells9q@sohu.com,Construction Worker
352,Rozanne,Fredi,rfredi9r@princeton.edu,Surveyor
353,Tripp,Rosenfrucht,trosenfrucht9s@creativecommons.org,Estimator
354,Amabelle,Skiplorne,askiplorne9t@oracle.com,Engineer
355,Adriane,Klaggeman,aklaggeman9u@cyberchimps.com,Engineer
356,Zebedee,Quest,zquest9v@chron.com,Architect
357,Rosene,Joost,rjoost9w@slate.com,Construction Worker
358,Shellie,Dukesbury,sdukesbury9x@wired.com,Estimator
359,Hastie,Stieger,hstieger9y@bloglines.com,Estimator
360,Murial,Couche,mcouche9z@sbwire.com,Engineer
361,Emmit,Kingsland,ekingslanda0@globo.com,Project Manager
362,Arron,Pethrick,apethricka1@networksolutions.com,Supervisor
363,Clarissa,McCerery,cmccererya2@engadget.com,Architect
364,Trenna,Charlson,tcharlsona3@bbb.org,Construction Foreman
365,Fee,Fazan,ffazana4@qq.com,Engineer
366,Miguelita,Whiff,mwhiffa5@chronoengine.com,Electrician
367,Jaine,Gasnoll,jgasnolla6@psu.edu,Construction Worker
368,Purcell,Cusiter,pcusitera7@state.gov,Construction Manager
369,Rubie,Cancott,rcancotta8@over-blog.com,Project Manager
370,Shannon,Munslow,smunslowa9@ucla.edu,Engineer
371,Meggie,Geram,mgeramaa@icio.us,Supervisor
372,Theodore,Saundercock,tsaundercockab@census.gov,Subcontractor
373,Merrily,Vannini,mvanniniac@yale.edu,Project Manager
374,Eden,Gobeau,egobeauad@cbsnews.com,Estimator
375,Yolande,Nawton,ynawtonae@newsvine.com,Construction Worker
376,Ford,Rymmer,frymmeraf@lycos.com,Surveyor
377,Vincenty,Eager,veagerag@businessweek.com,Electrician
378,Veda,Bennetto,vbennettoah@wikimedia.org,Construction Expeditor
379,Marcelo,Koene,mkoeneai@toplist.cz,Estimator
380,Mose,Ben,mbenaj@yolasite.com,Construction Manager
381,Nobie,Hannant,nhannantak@mac.com,Construction Foreman
382,Teddy,Arnau,tarnaual@miitbeian.gov.cn,Electrician
383,Cacilie,Danbi,cdanbiam@elegantthemes.com,Engineer
384,Ardis,Wildblood,awildbloodan@spiegel.de,Surveyor
385,Syman,Bonnor,sbonnorao@intel.com,Surveyor
386,Eileen,Le Maitre,elemaitreap@time.com,Supervisor
387,Tate,Gainsburgh,tgainsburghaq@webeden.co.uk,Architect
388,Ileane,McPhilemy,imcphilemyar@qq.com,Electrician
389,Delila,Wyborn,dwybornas@icq.com,Project Manager
390,Herbie,Meah,hmeahat@posterous.com,Estimator
391,Kameko,Peye,kpeyeau@pbs.org,Electrician
392,Waverly,Stranger,wstrangerav@marriott.com,Architect
393,Danni,Dexter,ddexteraw@ox.ac.uk,Engineer
394,Raleigh,Welsby,rwelsbyax@columbia.edu,Architect
395,Waneta,Swannie,wswannieay@sohu.com,Architect
396,Melvin,Gobert,mgobertaz@foxnews.com,Construction Manager
397,Nanci,Waddilove,nwaddiloveb0@google.com.hk,Architect
398,Petrina,Petrovsky,ppetrovskyb1@zimbio.com,Construction Foreman
399,Florina,Bastide,fbastideb2@unblog.fr,Construction Worker
400,Bancroft,O'Meara,bomearab3@weebly.com,Project Manager
401,Jdavie,Crook,jcrookb4@apple.com,Construction Expeditor
402,Haleigh,Klaessen,hklaessenb5@shareasale.com,Architect
403,Desmund,Jeannin,djeanninb6@domainmarket.com,Supervisor
404,Joletta,Creffield,jcreffieldb7@usa.gov,Electrician
405,Eveline,Deeley,edeeleyb8@weibo.com,Construction Manager
406,Karlyn,Handling,khandlingb9@bloglovin.com,Surveyor
407,Sal,Plaxton,splaxtonba@google.ca,Architect
408,Moses,Heinzel,mheinzelbb@mac.com,Project Manager
409,Marsiella,Lowes,mlowesbc@ovh.net,Construction Manager
410,Pier,Rizzardi,prizzardibd@hexun.com,Electrician
411,Codee,Cromblehome,ccromblehomebe@hud.gov,Construction Expeditor
412,Ives,Jakaway,ijakawaybf@ucla.edu,Architect
413,Loutitia,Titchen,ltitchenbg@census.gov,Construction Expeditor
414,Rock,Cullinan,rcullinanbh@de.vu,Electrician
415,Feliza,Giacomello,fgiacomellobi@youku.com,Construction Manager
416,Reuven,Gilks,rgilksbj@webs.com,Construction Manager
417,Jamill,Treher,jtreherbk@yale.edu,Construction Foreman
418,Ursuline,Borkett,uborkettbl@blogger.com,Architect
419,Carri,Eymer,ceymerbm@sohu.com,Subcontractor
420,Willyt,Chapleo,wchapleobn@dion.ne.jp,Architect
421,Beverie,Pero,bperobo@ft.com,Architect
422,Marline,Von Gladbach,mvongladbachbp@berkeley.edu,Electrician
423,Barnard,Larcher,blarcherbq@bbc.co.uk,Supervisor
424,Gerik,Snarie,gsnariebr@ovh.net,Construction Worker
425,Tony,Oxenford,toxenfordbs@java.com,Electrician
426,Cecile,Broodes,cbroodesbt@so-net.ne.jp,Estimator
427,Rose,MacGettigen,rmacgettigenbu@icq.com,Project Manager
428,Zaccaria,Yakunchikov,zyakunchikovbv@rakuten.co.jp,Architect
429,Kass,Gilbane,kgilbanebw@hibu.com,Construction Worker
430,Smitty,Balmer,sbalmerbx@goo.ne.jp,Architect
431,Phillipp,Blackmore,pblackmoreby@yahoo.com,Construction Worker
432,Selma,Doxey,sdoxeybz@hhs.gov,Construction Foreman
433,Packston,Moore,pmoorec0@a8.net,Subcontractor
434,Terri,Henrique,thenriquec1@bing.com,Supervisor
435,Ardelis,Demogeot,ademogeotc2@yahoo.com,Engineer
436,Bunni,Olwen,bolwenc3@prlog.org,Construction Manager
437,Isadora,Lackham,ilackhamc4@hc360.com,Engineer
438,Antonio,Batisse,abatissec5@globo.com,Estimator
439,Ardelis,Bulter,abulterc6@shutterfly.com,Surveyor
440,Jennine,Alred,jalredc7@salon.com,Construction Manager
441,Angelico,Planke,aplankec8@elegantthemes.com,Construction Worker
442,Hestia,Pinchback,hpinchbackc9@netvibes.com,Construction Manager
443,Kristi,Huffer,khufferca@prnewswire.com,Supervisor
444,Aleta,Mulkerrins,amulkerrinscb@harvard.edu,Project Manager
445,Marjie,Mattek,mmattekcc@nifty.com,Construction Manager
446,Gamaliel,Ritmeyer,gritmeyercd@gravatar.com,Estimator
447,Minny,Duggon,mduggonce@wunderground.com,Subcontractor
448,Stanwood,Nestor,snestorcf@posterous.com,Construction Expeditor
449,Madlin,Ricketts,mrickettscg@addthis.com,Construction Worker
450,Tedra,Neylon,tneylonch@istockphoto.com,Architect
451,Carleen,Gwillim,cgwillimci@unblog.fr,Architect
452,Lindsey,Stephens,lstephenscj@myspace.com,Engineer
453,Laurie,Hune,lhuneck@paypal.com,Supervisor
454,Kacy,Shakeshaft,kshakeshaftcl@myspace.com,Project Manager
455,Domeniga,McBeith,dmcbeithcm@chronoengine.com,Construction Worker
456,Raffarty,Woolward,rwoolwardcn@cargocollective.com,Engineer
457,Delores,Kerwick,dkerwickco@state.gov,Estimator
458,Florina,Zamudio,fzamudiocp@ning.com,Construction Foreman
459,Adora,Berick,aberickcq@sourceforge.net,Surveyor
460,Ario,Loveman,alovemancr@sogou.com,Estimator
461,Becka,Smyley,bsmyleycs@merriam-webster.com,Project Manager
462,Arabele,Willoughley,awilloughleyct@cpanel.net,Project Manager
463,Justinian,Robertet,jrobertetcu@bravesites.com,Surveyor
464,Waldemar,Schettini,wschettinicv@scientificamerican.com,Electrician
465,Robbie,Mudd,rmuddcw@weibo.com,Subcontractor
466,Ernst,Baldelli,ebaldellicx@myspace.com,Subcontractor
467,Obie,Agus,oaguscy@boston.com,Construction Expeditor
468,Florie,Rutigliano,frutiglianocz@aol.com,Estimator
469,Griselda,Lotherington,glotheringtond0@com.com,Project Manager
470,Kirby,Dubois,kduboisd1@friendfeed.com,Engineer
471,Larisa,Petrovic,lpetrovicd2@diigo.com,Supervisor
472,Kass,Dunphy,kdunphyd3@ebay.co.uk,Construction Expeditor
473,Maximilianus,Farncomb,mfarncombd4@nymag.com,Subcontractor
474,Anatola,Zanetello,azanetellod5@redcross.org,Supervisor
475,Tonie,Luetkemeyers,tluetkemeyersd6@taobao.com,Supervisor
476,Crosby,Benian,cbeniand7@shutterfly.com,Construction Expeditor
477,Izak,Lord,ilordd8@marriott.com,Electrician
478,Gail,Botterell,gbotterelld9@yahoo.co.jp,Project Manager
479,Viviyan,Nelsen,vnelsenda@free.fr,Construction Manager
480,Valdemar,Ickov,vickovdb@nsw.gov.au,Construction Worker
481,Timmy,Grzelak,tgrzelakdc@hubpages.com,Architect
482,My,Suter,msuterdd@friendfeed.com,Supervisor
483,Emmerich,Marusik,emarusikde@sfgate.com,Construction Manager
484,Gasparo,Epine,gepinedf@joomla.org,Surveyor
485,Zach,Chaffyn,zchaffyndg@phpbb.com,Subcontractor
486,Belinda,Deely,bdeelydh@discuz.net,Estimator
487,Vincent,Boatright,vboatrightdi@example.com,Supervisor
488,Glad,Mueller,gmuellerdj@google.de,Engineer
489,Kippie,Rosso,krossodk@sphinn.com,Project Manager
490,Yuri,Benzies,ybenziesdl@nydailynews.com,Supervisor
491,Thorndike,Lisciandro,tlisciandrodm@seesaa.net,Construction Manager
492,Dela,Woolford,dwoolforddn@usatoday.com,Construction Foreman
493,Lindie,Handscomb,lhandscombdo@adobe.com,Surveyor
494,Nikita,Riccardo,nriccardodp@instagram.com,Project Manager
495,Britta,Chestle,bchestledq@msu.edu,Estimator
496,Amye,Kose,akosedr@usda.gov,Construction Manager
497,Sonny,Dunn,sdunnds@hud.gov,Construction Worker
498,Onofredo,Innett,oinnettdt@discuz.net,Construction Worker
499,Maximilian,Huddles,mhuddlesdu@discuz.net,Construction Manager
500,Norman,Belham,nbelhamdv@taobao.com,Subcontractor
501,Gunar,Woolis,gwoolisdw@amazon.com,Construction Manager
502,Murdoch,Josef,mjosefdx@abc.net.au,Estimator
503,Lovell,Donett,ldonettdy@google.com.au,Engineer
504,Emmalynn,Mayfield,emayfielddz@mashable.com,Estimator
505,Jessie,Dockree,jdockreee0@about.com,Surveyor
506,Erin,De Lasci,edelascie1@sogou.com,Project Manager
507,Sophi,Feild,sfeilde2@statcounter.com,Project Manager
508,Arte,Swindlehurst,aswindlehurste3@utexas.edu,Estimator
509,Allie,Stepto,asteptoe4@freewebs.com,Construction Manager
510,Anastasia,Deadman,adeadmane5@unesco.org,Construction Worker
511,Arch,Eckersley,aeckersleye6@theatlantic.com,Estimator
512,Toma,Karpychev,tkarpycheve7@amazonaws.com,Estimator
513,Orland,Feben,ofebene8@google.fr,Electrician
514,Andria,Pietruszka,apietruszkae9@goo.gl,Construction Expeditor
515,Kellyann,Attaway,kattawayea@archive.org,Engineer
516,Mandi,Jacqueme,mjacquemeeb@people.com.cn,Engineer
517,Aldis,Topley,atopleyec@seesaa.net,Electrician
518,Barby,Dobing,bdobinged@google.de,Architect
519,Gilberte,Gagg,ggaggee@google.cn,Estimator
520,Tally,Stairs,tstairsef@hud.gov,Project Manager
521,Perri,Baccas,pbaccaseg@fema.gov,Construction Manager
522,Feliks,Benterman,fbentermaneh@oakley.com,Electrician
523,Shayne,Spurritt,sspurrittei@blogtalkradio.com,Architect
524,Kippar,Mackrill,kmackrillej@youku.com,Surveyor
525,Obediah,Paolazzi,opaolazziek@latimes.com,Architect
526,Simonne,Greenrde,sgreenrdeel@cisco.com,Construction Worker
527,Jedediah,Bergstram,jbergstramem@hao123.com,Supervisor
528,Katrinka,Avrahamov,kavrahamoven@intel.com,Subcontractor
529,Creigh,Le Leu,cleleueo@dropbox.com,Supervisor
530,Nollie,Batrick,nbatrickep@histats.com,Project Manager
531,Glyn,Taylder,gtayldereq@scientificamerican.com,Architect
532,Quillan,Frisch,qfrischer@va.gov,Subcontractor
533,Ronald,Olner,rolneres@pagesperso-orange.fr,Estimator
534,Stephi,Arblaster,sarblasteret@go.com,Construction Foreman
535,Audrye,Tabrett,atabretteu@whitehouse.gov,Construction Expeditor
536,Gwenore,Trude,gtrudeev@umich.edu,Construction Foreman
537,Roxie,Starkie,rstarkieew@instagram.com,Architect
538,Glyn,Shallow,gshallowex@live.com,Electrician
539,Ola,Housego,ohousegoey@tamu.edu,Subcontractor
540,Lilith,McIlwain,lmcilwainez@jimdo.com,Construction Manager
541,Roy,Dunstan,rdunstanf0@behance.net,Construction Foreman
542,Harmonie,Gianelli,hgianellif1@blinklist.com,Architect
543,Hershel,Baff,hbafff2@java.com,Supervisor
544,Clerkclaude,Attewill,cattewillf3@unicef.org,Electrician
545,Joanne,De la Yglesia,jdelayglesiaf4@telegraph.co.uk,Supervisor
546,Ivonne,Spavon,ispavonf5@liveinternet.ru,Engineer
547,Hedi,Colliard,hcolliardf6@stanford.edu,Architect
548,Susanna,Reinhart,sreinhartf7@theglobeandmail.com,Electrician
549,Dougy,Carcass,dcarcassf8@miitbeian.gov.cn,Electrician
550,Thedrick,Grzesiak,tgrzesiakf9@fastcompany.com,Construction Foreman
551,Lazaro,Fontanet,lfontanetfa@washingtonpost.com,Engineer
552,Hephzibah,Poynor,hpoynorfb@marketwatch.com,Construction Foreman
553,Ina,Jackes,ijackesfc@thetimes.co.uk,Architect
554,Sallie,Cars,scarsfd@sfgate.com,Engineer
555,Angeline,Denison,adenisonfe@usnews.com,Project Manager
556,Roderic,Beseke,rbesekeff@addtoany.com,Construction Worker
557,Erie,Orkney,eorkneyfg@army.mil,Construction Foreman
558,Zed,Yeowell,zyeowellfh@yahoo.com,Electrician
559,Hubie,Butter,hbutterfi@nifty.com,Estimator
560,Blisse,Diggar,bdiggarfj@illinois.edu,Engineer
561,Beret,Bezarra,bbezarrafk@flickr.com,Construction Worker
562,Pieter,Simm,psimmfl@hibu.com,Construction Foreman
563,Rosanne,Pauncefort,rpauncefortfm@aboutads.info,Subcontractor
564,Claribel,Walas,cwalasfn@reverbnation.com,Project Manager
565,Lewiss,Life,llifefo@japanpost.jp,Supervisor
566,Eustacia,Whisker,ewhiskerfp@statcounter.com,Project Manager
567,Yvor,Woolens,ywoolensfq@yale.edu,Engineer
568,Bud,Fitzjohn,bfitzjohnfr@slideshare.net,Supervisor
569,Vonny,Joderli,vjoderlifs@hibu.com,Architect
570,Felice,Gingold,fgingoldft@clickbank.net,Construction Worker
571,Waneta,Haith,whaithfu@princeton.edu,Construction Worker
572,Saul,Pottery,spotteryfv@friendfeed.com,Construction Expeditor
573,Lotty,Bethel,lbethelfw@npr.org,Construction Worker
574,Raymond,Brear,rbrearfx@plala.or.jp,Surveyor
575,Elna,Jillions,ejillionsfy@usatoday.com,Construction Worker
576,Cele,Lanfranchi,clanfranchifz@studiopress.com,Project Manager
577,Nathanial,Crosgrove,ncrosgroveg0@uiuc.edu,Construction Worker
578,Roxie,Broyd,rbroydg1@pcworld.com,Construction Foreman
579,Garner,Vanezis,gvanezisg2@npr.org,Construction Manager
580,Ellis,Simson,esimsong3@pinterest.com,Engineer
581,Wadsworth,Sneesby,wsneesbyg4@pcworld.com,Electrician
582,Rosie,Togher,rtogherg5@sina.com.cn,Construction Foreman
583,Munroe,Goshawk,mgoshawkg6@redcross.org,Estimator
584,Livia,Mulvagh,lmulvaghg7@jalbum.net,Project Manager
585,Kurt,Emsley,kemsleyg8@squarespace.com,Architect
586,Kit,Wrightam,kwrightamg9@nymag.com,Construction Worker
587,Penelopa,Thieme,pthiemega@icio.us,Engineer
588,Ramsey,Tyndall,rtyndallgb@vistaprint.com,Surveyor
589,Dorelle,Grice,dgricegc@youku.com,Subcontractor
590,Delphine,Kibbel,dkibbelgd@jiathis.com,Engineer
591,Carolyne,Jedrzej,cjedrzejge@accuweather.com,Construction Manager
592,Guendolen,Brotherheed,gbrotherheedgf@hibu.com,Electrician
593,Rosetta,Goor,rgoorgg@ihg.com,Construction Expeditor
594,Osbert,Blanc,oblancgh@wordpress.com,Construction Worker
595,Gordan,Smail,gsmailgi@flavors.me,Construction Worker
596,Trevor,Galvin,tgalvingj@scientificamerican.com,Supervisor
597,Alric,Gilbert,agilbertgk@cargocollective.com,Subcontractor
598,Rosalyn,Hartley,rhartleygl@cdbaby.com,Subcontractor
599,Tabb,Detloff,tdetloffgm@reddit.com,Project Manager
600,Derrick,Coniam,dconiamgn@weibo.com,Surveyor
601,Paule,Falls,pfallsgo@a8.net,Architect
602,Tove,Grigoliis,tgrigoliisgp@statcounter.com,Construction Foreman
603,Ilse,Charnick,icharnickgq@xinhuanet.com,Architect
604,Fleur,Duiguid,fduiguidgr@cnn.com,Engineer
605,Win,Effaunt,weffauntgs@deviantart.com,Construction Worker
606,Lusa,Jinks,ljinksgt@delicious.com,Construction Worker
607,Morganica,Palmer,mpalmergu@360.cn,Construction Worker
608,Dale,Northey,dnortheygv@addtoany.com,Construction Expeditor
609,Josselyn,Berresford,jberresfordgw@bigcartel.com,Construction Manager
610,Brandea,Gall,bgallgx@istockphoto.com,Architect
611,Burtie,Dayment,bdaymentgy@apache.org,Construction Manager
612,Wallis,Dannehl,wdannehlgz@behance.net,Construction Manager
613,Roslyn,Liggens,rliggensh0@yahoo.com,Electrician
614,Leila,Pauncefort,lpaunceforth1@photobucket.com,Engineer
615,Ariela,Mars,amarsh2@w3.org,Supervisor
616,Annalee,Heskins,aheskinsh3@ucsd.edu,Engineer
617,Evanne,Assel,easselh4@amazon.com,Engineer
618,Loree,Labuschagne,llabuschagneh5@google.com.br,Architect
619,Micah,Dedam,mdedamh6@jiathis.com,Construction Foreman
620,Wilmar,Benoi,wbenoih7@europa.eu,Architect
621,Kalil,Milton,kmiltonh8@tmall.com,Construction Manager
622,Shelia,Gainsburgh,sgainsburghh9@sohu.com,Project Manager
623,Westbrook,Grasner,wgrasnerha@cdc.gov,Engineer
624,Johnny,Banthorpe,jbanthorpehb@yellowbook.com,Construction Expeditor
625,Pauli,Cregin,pcreginhc@so-net.ne.jp,Project Manager
626,Marga,Karp,mkarphd@bravesites.com,Subcontractor
627,Mordy,Jezard,mjezardhe@goodreads.com,Engineer
628,Adolf,Fessier,afessierhf@lycos.com,Project Manager
629,Wynnie,Piccard,wpiccardhg@tripadvisor.com,Subcontractor
630,Kellsie,Deverson,kdeversonhh@youtu.be,Subcontractor
631,Gale,Mottram,gmottramhi@flavors.me,Construction Manager
632,Ryley,Lillgard,rlillgardhj@japanpost.jp,Architect
633,Georgina,Jeffress,gjeffresshk@google.de,Engineer
634,Lynn,Scibsey,lscibseyhl@npr.org,Supervisor
635,Malina,Gatsby,mgatsbyhm@shutterfly.com,Architect
636,Kliment,Marquiss,kmarquisshn@ft.com,Supervisor
637,Luca,Freire,lfreireho@bizjournals.com,Construction Worker
638,Bram,Haste,bhastehp@narod.ru,Supervisor
639,Katine,Woolford,kwoolfordhq@cbc.ca,Architect
640,Krysta,Flory,kfloryhr@google.ca,Subcontractor
641,Lawrence,Guest,lguesths@epa.gov,Electrician
642,Marjorie,Swatridge,mswatridgeht@friendfeed.com,Electrician
643,Miltie,Paton,mpatonhu@google.fr,Project Manager
644,Frederique,Postan,fpostanhv@tripod.com,Project Manager
645,Bobbi,Hamal,bhamalhw@dion.ne.jp,Electrician
646,Felipe,Guye,fguyehx@fc2.com,Surveyor
647,Morgun,Fluger,mflugerhy@de.vu,Electrician
648,Gerty,Rosenqvist,grosenqvisthz@yellowbook.com,Construction Manager
649,Jere,Bauman,jbaumani0@msn.com,Electrician
650,Randy,Vanyarkin,rvanyarkini1@blogger.com,Construction Expeditor
651,Ulrich,Trenchard,utrenchardi2@free.fr,Construction Expeditor
652,Consolata,Rozalski,crozalskii3@vistaprint.com,Construction Manager
653,Beauregard,Bate,bbatei4@geocities.jp,Construction Worker
654,Dorian,Barrett,dbarretti5@loc.gov,Surveyor
655,Roth,Manterfield,rmanterfieldi6@cocolog-nifty.com,Electrician
656,Thorstein,Cud,tcudi7@independent.co.uk,Electrician
657,Pamella,Woofinden,pwoofindeni8@sbwire.com,Subcontractor
658,Brennan,Knipe,bknipei9@about.me,Supervisor
659,Timi,Stadden,tstaddenia@g.co,Engineer
660,Tann,Kinleyside,tkinleysideib@goo.ne.jp,Architect
661,Mignonne,Rowney,mrowneyic@cocolog-nifty.com,Subcontractor
662,Lance,Crum,lcrumid@bluehost.com,Architect
663,Mile,Stickells,mstickellsie@xinhuanet.com,Supervisor
664,Farleigh,Hellmore,fhellmoreif@businessinsider.com,Construction Expeditor
665,Euphemia,Pfeffle,epfeffleig@upenn.edu,Construction Expeditor
666,Rosy,Skacel,rskacelih@taobao.com,Surveyor
667,Dominik,Whitley,dwhitleyii@thetimes.co.uk,Architect
668,Dasie,Bell,dbellij@kickstarter.com,Supervisor
669,Ethelyn,Batteson,ebattesonik@ucoz.ru,Subcontractor
670,Clara,Barnaclough,cbarnacloughil@google.de,Construction Manager
671,Leroi,Duckwith,lduckwithim@ameblo.jp,Surveyor
672,Robbie,Carnson,rcarnsonin@weebly.com,Construction Foreman
673,Murray,Crossley,mcrossleyio@yolasite.com,Subcontractor
674,Stanwood,Mogford,smogfordip@cisco.com,Construction Worker
675,Holmes,Kollasch,hkollaschiq@comsenz.com,Project Manager
676,Walliw,Brownsell,wbrownsellir@mapy.cz,Construction Manager
677,Cobbie,Rhelton,crheltonis@instagram.com,Supervisor
678,Nissa,Aronovich,naronovichit@ning.com,Construction Manager
679,Bertie,Chevis,bchevisiu@flavors.me,Architect
680,Isacco,Sylvaine,isylvaineiv@webmd.com,Construction Worker
681,Ginger,Zecchinii,gzecchiniiiw@reference.com,Surveyor
682,Ryan,Metzig,rmetzigix@yolasite.com,Engineer
683,Ly,Ounsworth,lounsworthiy@surveymonkey.com,Construction Worker
684,Mylo,Gladebeck,mgladebeckiz@weibo.com,Supervisor
685,Cornie,Savil,csavilj0@sbwire.com,Project Manager
686,Britta,Reddish,breddishj1@youtu.be,Construction Worker
687,Caril,Shaxby,cshaxbyj2@whitehouse.gov,Engineer
688,Vasilis,Abrahamsen,vabrahamsenj3@europa.eu,Construction Manager
689,Kari,Melato,kmelatoj4@miitbeian.gov.cn,Estimator
690,Leshia,Duguid,lduguidj5@pinterest.com,Construction Worker
691,Tabby,Scotchforth,tscotchforthj6@oaic.gov.au,Construction Worker
692,Roseann,Yacob,ryacobj7@shutterfly.com,Architect
693,Anya,Garrud,agarrudj8@xing.com,Electrician
694,Philbert,Branchflower,pbranchflowerj9@ibm.com,Architect
695,Franny,Burvill,fburvillja@paypal.com,Project Manager
696,Vin,Robroe,vrobroejb@aol.com,Construction Expeditor
697,Manon,McEwan,mmcewanjc@delicious.com,Construction Foreman
698,Bertina,Wainscot,bwainscotjd@liveinternet.ru,Electrician
699,Elmore,Pitney,epitneyje@shinystat.com,Construction Worker
700,Guthrie,Maggiori,gmaggiorijf@shop-pro.jp,Construction Worker
701,Kimbell,Jedrzejkiewicz,kjedrzejkiewiczjg@mail.ru,Electrician
702,Domeniga,Mayhew,dmayhewjh@seattletimes.com,Engineer
703,Prince,O'Cullen,pocullenji@weebly.com,Project Manager
704,Margaretha,Beausang,mbeausangjj@mail.ru,Architect
705,Carma,Affuso,caffusojk@ifeng.com,Project Manager
706,Kenna,Pendreigh,kpendreighjl@nationalgeographic.com,Subcontractor
707,Osborn,Gandy,ogandyjm@ftc.gov,Construction Expeditor
708,Justinian,Meynell,jmeynelljn@fastcompany.com,Construction Worker
709,Yule,Pacheco,ypachecojo@msu.edu,Estimator
710,Marjie,Coale,mcoalejp@example.com,Electrician
711,Frank,Satch,fsatchjq@behance.net,Electrician
712,Leopold,Epilet,lepiletjr@webs.com,Construction Worker
713,Kathryn,Simpkins,ksimpkinsjs@sogou.com,Engineer
714,Timothy,Longridge,tlongridgejt@prnewswire.com,Supervisor
715,Archy,Ingolotti,aingolottiju@deviantart.com,Construction Worker
716,Yancy,Glyssanne,yglyssannejv@artisteer.com,Electrician
717,Marinna,Dimblebee,mdimblebeejw@sun.com,Project Manager
718,Daryl,Manson,dmansonjx@discovery.com,Architect
719,Sheffy,Dawks,sdawksjy@rakuten.co.jp,Surveyor
720,Jillayne,Blanc,jblancjz@bluehost.com,Estimator
721,Marylinda,Fish,mfishk0@tinypic.com,Construction Manager
722,Nicholle,Grimmett,ngrimmettk1@unicef.org,Construction Manager
723,Gilberta,Elwood,gelwoodk2@about.com,Construction Foreman
724,Mickey,Devon,mdevonk3@ebay.com,Construction Expeditor
725,Allie,Vogele,avogelek4@sitemeter.com,Architect
726,Quincey,Sennett,qsennettk5@oaic.gov.au,Supervisor
727,Kathye,McLaughlin,kmclaughlink6@vk.com,Electrician
728,Adriana,Fatscher,afatscherk7@blogspot.com,Construction Foreman
729,Claudetta,Camplin,ccamplink8@sohu.com,Supervisor
730,Avis,Knill,aknillk9@admin.ch,Construction Expeditor
731,Yvor,Maunsell,ymaunsellka@ucoz.com,Project Manager
732,Nerte,Lait,nlaitkb@sourceforge.net,Electrician
733,Benny,Dalziel,bdalzielkc@unicef.org,Construction Foreman
734,Demetris,Quincee,dquinceekd@jalbum.net,Construction Foreman
735,Nonah,Garrals,ngarralske@businessinsider.com,Project Manager
736,Valentino,Weed,vweedkf@who.int,Construction Foreman
737,Laurie,Beekman,lbeekmankg@discovery.com,Construction Worker
738,Cammie,Setford,csetfordkh@so-net.ne.jp,Project Manager
739,Raphaela,Mallord,rmallordki@forbes.com,Construction Worker
740,Johnette,Fairbrother,jfairbrotherkj@theatlantic.com,Construction Foreman
741,Lani,Avraam,lavraamkk@businesswire.com,Surveyor
742,Peyton,McPhillips,pmcphillipskl@slashdot.org,Estimator
743,Kaile,Aldwich,kaldwichkm@wunderground.com,Construction Manager
744,Aylmer,Bubeer,abubeerkn@wsj.com,Estimator
745,Karissa,Nieass,knieassko@icio.us,Subcontractor
746,Gale,Lomen,glomenkp@timesonline.co.uk,Surveyor
747,Mellisent,Thornborrow,mthornborrowkq@tumblr.com,Construction Manager
748,Jefferson,Knivett,jknivettkr@tiny.cc,Subcontractor
749,Sherye,Legonidec,slegonidecks@spotify.com,Subcontractor
750,Uta,Doodney,udoodneykt@ning.com,Construction Manager
751,Teddie,Boldry,tboldryku@oaic.gov.au,Subcontractor
752,Heywood,OIlier,hoilierkv@jugem.jp,Project Manager
753,Gretna,Truin,gtruinkw@jugem.jp,Construction Worker
754,Niki,Shiell,nshiellkx@sciencedirect.com,Construction Expeditor
755,Ingeberg,Sink,isinkky@twitter.com,Construction Foreman
756,Prince,Boast,pboastkz@infoseek.co.jp,Engineer
757,Edy,Childs,echildsl0@dagondesign.com,Estimator
758,Dill,Mangham,dmanghaml1@japanpost.jp,Architect
759,Theodora,Schultheiss,tschultheissl2@stanford.edu,Supervisor
760,Vernor,Oxtaby,voxtabyl3@thetimes.co.uk,Supervisor
761,Kandace,Perree,kperreel4@army.mil,Supervisor
762,Marcos,Longland,mlonglandl5@pbs.org,Construction Expeditor
763,Misty,Easeman,measemanl6@a8.net,Electrician
764,Alayne,Spicer,aspicerl7@pbs.org,Supervisor
765,Deeanne,Olenichev,dolenichevl8@pinterest.com,Construction Manager
766,Barbara-anne,Gini,bginil9@zdnet.com,Supervisor
767,Judie,Ogg,joggla@deviantart.com,Construction Manager
768,Ozzy,Batcock,obatcocklb@ebay.co.uk,Engineer
769,Rem,Woodberry,rwoodberrylc@forbes.com,Construction Foreman
770,Vina,Sweetman,vsweetmanld@t.co,Architect
771,Lexis,Mouth,lmouthle@earthlink.net,Architect
772,Karim,Dagger,kdaggerlf@cnn.com,Electrician
773,Lise,Midlane,lmidlanelg@reverbnation.com,Construction Manager
774,Gino,Venmore,gvenmorelh@amazonaws.com,Architect
775,Anne,Suddards,asuddardsli@howstuffworks.com,Construction Worker
776,Rhett,Dawidsohn,rdawidsohnlj@tinyurl.com,Construction Expeditor
777,Lorrie,Cazin,lcazinlk@mapy.cz,Estimator
778,Dannye,Boltwood,dboltwoodll@mysql.com,Project Manager
779,Tabbitha,Squires,tsquireslm@trellian.com,Supervisor
780,Kacy,Kydd,kkyddln@ow.ly,Project Manager
781,Constantino,Seman,csemanlo@comcast.net,Architect
782,Regan,Deverson,rdeversonlp@booking.com,Architect
783,Jennine,Offord,joffordlq@comcast.net,Electrician
784,Vinni,Parmiter,vparmiterlr@mozilla.org,Electrician
785,Jennie,Dary,jdaryls@samsung.com,Electrician
786,Lynea,Attow,lattowlt@a8.net,Electrician
787,Alexandra,Tregona,atregonalu@flickr.com,Surveyor
788,Myrtice,Duell,mduelllv@webeden.co.uk,Subcontractor
789,Klemens,McCombe,kmccombelw@techcrunch.com,Construction Foreman
790,Sauveur,Arundell,sarundelllx@php.net,Construction Expeditor
791,Quentin,Griggs,qgriggsly@google.nl,Engineer
792,Giustino,Medgewick,gmedgewicklz@usatoday.com,Supervisor
793,Gustav,Dudeney,gdudeneym0@ibm.com,Construction Expeditor
794,Emmey,Sylvester,esylvesterm1@tiny.cc,Construction Worker
795,Magdaia,Baltzar,mbaltzarm2@cyberchimps.com,Surveyor
796,Patrice,Scarratt,pscarrattm3@yelp.com,Architect
797,Alyda,Pigot,apigotm4@sourceforge.net,Construction Manager
798,Phelia,McSherry,pmcsherrym5@hatena.ne.jp,Construction Worker
799,Immanuel,Maymand,imaymandm6@cpanel.net,Construction Worker
800,Rolland,Dodshun,rdodshunm7@w3.org,Electrician
801,Odele,Millam,omillamm8@sbwire.com,Construction Expeditor
802,Luz,Durtnell,ldurtnellm9@altervista.org,Construction Manager
803,Sherye,Stockton,sstocktonma@nps.gov,Surveyor
804,Conroy,Adran,cadranmb@about.me,Subcontractor
805,Paxon,Mallabon,pmallabonmc@cisco.com,Project Manager
806,Kim,Lambarth,klambarthmd@nifty.com,Architect
807,Ilsa,Tunmore,itunmoreme@example.com,Architect
808,Korella,Bennett,kbennettmf@rambler.ru,Project Manager
809,Mathias,Vynarde,mvynardemg@ebay.com,Project Manager
810,Elita,Legister,elegistermh@arizona.edu,Construction Expeditor
811,Brandea,Saylor,bsaylormi@nhs.uk,Architect
812,Libby,Pracy,lpracymj@thetimes.co.uk,Subcontractor
813,Yul,Smeath,ysmeathmk@google.it,Construction Expeditor
814,Wildon,Drackford,wdrackfordml@amazon.co.jp,Engineer
815,Giordano,Bidewel,gbidewelmm@discovery.com,Construction Expeditor
816,Colin,Jepensen,cjepensenmn@gravatar.com,Construction Foreman
817,Pepi,Coomber,pcoombermo@tripod.com,Surveyor
818,Demetria,Marshfield,dmarshfieldmp@over-blog.com,Electrician
819,Erik,Beany,ebeanymq@google.it,Construction Manager
820,Duke,Nicklin,dnicklinmr@usa.gov,Project Manager
821,Sarajane,Martijn,smartijnms@reference.com,Project Manager
822,Conan,Took,ctookmt@miibeian.gov.cn,Construction Foreman
823,Frederich,Spelling,fspellingmu@dailymail.co.uk,Construction Worker
824,Clare,Francescone,cfrancesconemv@smh.com.au,Supervisor
825,Eleni,Gomersal,egomersalmw@un.org,Subcontractor
826,Dorisa,Cathel,dcathelmx@barnesandnoble.com,Engineer
827,Natalya,Tuiller,ntuillermy@nps.gov,Project Manager
828,Carleen,Volett,cvolettmz@meetup.com,Estimator
829,Shay,Dosdill,sdosdilln0@digg.com,Supervisor
830,Yehudi,Brennand,ybrennandn1@google.ca,Engineer
831,Frasier,Casol,fcasoln2@google.it,Supervisor
832,Faun,Masdon,fmasdonn3@people.com.cn,Estimator
833,Francene,Frift,ffriftn4@cdbaby.com,Supervisor
834,Herschel,Jago,hjagon5@yahoo.co.jp,Supervisor
835,Natal,McOwen,nmcowenn6@reference.com,Engineer
836,Lorena,Davydychev,ldavydychevn7@wordpress.org,Construction Foreman
837,Berna,Chalcroft,bchalcroftn8@dropbox.com,Engineer
838,Henrie,Jaffra,hjaffran9@wunderground.com,Construction Expeditor
839,Denny,Brattan,dbrattanna@seesaa.net,Subcontractor
840,Darya,Othen,dothennb@yolasite.com,Construction Foreman
841,Tawnya,Pea,tpeanc@yahoo.com,Surveyor
842,Sandie,Prigmore,sprigmorend@auda.org.au,Construction Manager
843,Lane,MacCartan,lmaccartanne@ed.gov,Estimator
844,Guenna,Whiffin,gwhiffinnf@apple.com,Architect
845,Pearl,Sabberton,psabbertonng@baidu.com,Surveyor
846,Shalom,Shortell,sshortellnh@vimeo.com,Surveyor
847,Rubin,Danford,rdanfordni@chicagotribune.com,Project Manager
848,Dean,Pactat,dpactatnj@seesaa.net,Supervisor
849,Deborah,Matuszkiewicz,dmatuszkiewicznk@instagram.com,Construction Worker
850,Kara-lynn,Kiendl,kkiendlnl@gov.uk,Construction Expeditor
851,Kalli,Bennington,kbenningtonnm@toplist.cz,Engineer
852,Shayna,Phillipson,sphillipsonnn@mac.com,Engineer
853,Caddric,Bridal,cbridalno@ibm.com,Project Manager
854,Waldemar,Snary,wsnarynp@hc360.com,Subcontractor
855,Anestassia,Squibbs,asquibbsnq@hc360.com,Supervisor
856,Concordia,Cutajar,ccutajarnr@creativecommons.org,Surveyor
857,Beverly,Eller,bellerns@spotify.com,Subcontractor
858,Ibbie,Mattusevich,imattusevichnt@nba.com,Engineer
859,Michele,Francescotti,mfrancescottinu@miibeian.gov.cn,Project Manager
860,Nicolina,Greenwood,ngreenwoodnv@statcounter.com,Engineer
861,Lexis,Forseith,lforseithnw@xing.com,Construction Foreman
862,Northrup,Redbourn,nredbournnx@privacy.gov.au,Surveyor
863,Alric,McVicker,amcvickerny@de.vu,Supervisor
864,Kyrstin,Moodie,kmoodienz@uiuc.edu,Surveyor
865,Gisela,Stigger,gstiggero0@newyorker.com,Estimator
866,Valentine,Abernethy,vabernethyo1@google.pl,Estimator
867,Dallis,Luddy,dluddyo2@indiatimes.com,Engineer
868,Windy,Stanlack,wstanlacko3@github.com,Construction Manager
869,Lorie,Leming,llemingo4@ox.ac.uk,Construction Expeditor
870,Catherina,Cirlos,ccirloso5@rakuten.co.jp,Estimator
871,Odelle,Bidewell,obidewello6@goo.gl,Construction Expeditor
872,Alexia,Millichap,amillichapo7@360.cn,Construction Expeditor
873,Stephanus,Downgate,sdowngateo8@rakuten.co.jp,Construction Expeditor
874,Reginald,Dawidowitsch,rdawidowitscho9@jiathis.com,Subcontractor
875,Bessy,Jirousek,bjirousekoa@yale.edu,Surveyor
876,Vaclav,Wolsey,vwolseyob@huffingtonpost.com,Estimator
877,Ashely,Armytage,aarmytageoc@addtoany.com,Surveyor
878,Zoe,Spiby,zspibyod@ucsd.edu,Project Manager
879,Timmie,Arson,tarsonoe@behance.net,Electrician
880,Peg,Batchellor,pbatchellorof@un.org,Surveyor
881,Pedro,Cockerton,pcockertonog@cargocollective.com,Supervisor
882,Joane,Ivushkin,jivushkinoh@istockphoto.com,Supervisor
883,Vinita,Amps,vampsoi@is.gd,Project Manager
884,Alexandro,De Francesco,adefrancescooj@umich.edu,Architect
885,Bobina,Luther,blutherok@ocn.ne.jp,Surveyor
886,Alessandro,Dearnley,adearnleyol@sina.com.cn,Construction Worker
887,Carolee,Catmull,ccatmullom@joomla.org,Engineer
888,Quint,Scherer,qschereron@miibeian.gov.cn,Electrician
889,Olenolin,Harley,oharleyoo@mediafire.com,Subcontractor
890,Timofei,Brabyn,tbrabynop@purevolume.com,Supervisor
891,Inga,Oxbe,ioxbeoq@comsenz.com,Engineer
892,Isaac,Guise,iguiseor@acquirethisname.com,Construction Expeditor
893,Barrett,Keoghane,bkeoghaneos@spiegel.de,Estimator
894,Tilda,Hawket,thawketot@yandex.ru,Project Manager
895,Barde,Patten,bpattenou@topsy.com,Engineer
896,Georges,MacIntosh,gmacintoshov@squidoo.com,Architect
897,Kile,Kneebone,kkneeboneow@wisc.edu,Engineer
898,Etti,Pope,epopeox@amazon.co.jp,Construction Expeditor
899,Rhodia,Sherbrook,rsherbrookoy@pagesperso-orange.fr,Architect
900,Nerita,Weston,nwestonoz@statcounter.com,Electrician
901,Hadlee,Norssister,hnorssisterp0@comsenz.com,Construction Worker
902,Melitta,Hawton,mhawtonp1@uiuc.edu,Estimator
903,Leland,Plumb,lplumbp2@meetup.com,Construction Manager
904,Osmund,Jochens,ojochensp3@tripod.com,Electrician
905,Gilemette,Gooderidge,ggooderidgep4@angelfire.com,Engineer
906,Josephine,McCallum,jmccallump5@blogtalkradio.com,Engineer
907,Brad,Beetham,bbeethamp6@google.es,Surveyor
908,Vinson,Headech,vheadechp7@yahoo.com,Estimator
909,Konrad,Burwood,kburwoodp8@fema.gov,Engineer
910,Ellery,D'Agostini,edagostinip9@bing.com,Project Manager
911,Olenka,Rosencwaig,orosencwaigpa@odnoklassniki.ru,Surveyor
912,Velma,Maher,vmaherpb@fotki.com,Construction Foreman
913,Agatha,Varndall,avarndallpc@businesswire.com,Subcontractor
914,Eduino,Ashelford,eashelfordpd@drupal.org,Construction Foreman
915,Ruperta,Minchell,rminchellpe@boston.com,Engineer
916,Latisha,Timny,ltimnypf@yale.edu,Subcontractor
917,Gaven,Jarrett,gjarrettpg@amazonaws.com,Construction Worker
918,Willdon,Attfield,wattfieldph@zdnet.com,Construction Foreman
919,Gustie,Slides,gslidespi@instagram.com,Construction Worker
920,Cyrus,Serot,cserotpj@bbc.co.uk,Construction Foreman
921,Sean,Dewitt,sdewittpk@smh.com.au,Surveyor
922,Ilario,Tavinor,itavinorpl@elpais.com,Construction Worker
923,Allys,Teal,atealpm@wordpress.com,Supervisor
924,Stoddard,Attenbrow,sattenbrowpn@unblog.fr,Subcontractor
925,Sherm,Dyster,sdysterpo@springer.com,Construction Foreman
926,Vincent,Zanotti,vzanottipp@abc.net.au,Surveyor
927,Guthrey,Aldus,galduspq@woothemes.com,Surveyor
928,Carmencita,Ambrozik,cambrozikpr@ucla.edu,Project Manager
929,Ashien,Pooley,apooleyps@marriott.com,Estimator
930,Dolley,Bugdale,dbugdalept@wufoo.com,Engineer
931,Tess,Cyples,tcyplespu@fc2.com,Electrician
932,Concettina,Kempton,ckemptonpv@microsoft.com,Construction Foreman
933,Hamid,Gersam,hgersampw@ca.gov,Supervisor
934,Sheff,Reneke,srenekepx@xing.com,Electrician
935,Quill,Botcherby,qbotcherbypy@icq.com,Surveyor
936,Wat,Conaghy,wconaghypz@t-online.de,Architect
937,Jeremiah,Jime,jjimeq0@blinklist.com,Architect
938,Rowe,Cestard,rcestardq1@51.la,Surveyor
939,Maryl,Webb,mwebbq2@list-manage.com,Construction Foreman
940,Pincas,Earry,pearryq3@netscape.com,Construction Manager
941,Toma,Haffner,thaffnerq4@hatena.ne.jp,Construction Worker
942,Edd,Gregorace,egregoraceq5@reuters.com,Electrician
943,Bel,Fennelow,bfennelowq6@unesco.org,Construction Worker
944,Mel,Melladew,mmelladewq7@europa.eu,Surveyor
945,Sargent,Sprankling,sspranklingq8@purevolume.com,Construction Foreman
946,Yelena,Daysh,ydayshq9@themeforest.net,Estimator
947,Alon,Graeser,agraeserqa@usatoday.com,Supervisor
948,Maurine,Dalzell,mdalzellqb@printfriendly.com,Electrician
949,Briana,Breckell,bbreckellqc@pcworld.com,Supervisor
950,Karie,McDaid,kmcdaidqd@studiopress.com,Construction Worker
951,Fin,Morling,fmorlingqe@gmpg.org,Construction Manager
952,Elbert,Boggis,eboggisqf@army.mil,Construction Expeditor
953,Marcelia,Toopin,mtoopinqg@mapy.cz,Subcontractor
954,Miranda,Carlow,mcarlowqh@soundcloud.com,Subcontractor
955,Marigold,Fontell,mfontellqi@taobao.com,Electrician
956,Maiga,Castrillo,mcastrilloqj@foxnews.com,Construction Worker
957,Tyrus,Easum,teasumqk@is.gd,Construction Foreman
958,Annnora,Londer,alonderql@smugmug.com,Subcontractor
959,Giralda,Willoughley,gwilloughleyqm@behance.net,Electrician
960,Agata,Attfield,aattfieldqn@ustream.tv,Subcontractor
961,Ardella,Ilyinykh,ailyinykhqo@tripadvisor.com,Construction Worker
962,Ber,Gianiello,bgianielloqp@google.nl,Subcontractor
963,Arabelle,Battleson,abattlesonqq@webmd.com,Subcontractor
964,Stephana,Wisby,swisbyqr@va.gov,Construction Foreman
965,Marcelline,Luard,mluardqs@amazon.com,Construction Worker
966,Minne,Woofenden,mwoofendenqt@squarespace.com,Engineer
967,Latrina,Tavner,ltavnerqu@cocolog-nifty.com,Project Manager
968,Bryon,Curry,bcurryqv@virginia.edu,Estimator
969,Ezri,Coulthard,ecoulthardqw@timesonline.co.uk,Construction Foreman
970,Sib,Glisane,sglisaneqx@networkadvertising.org,Construction Manager
971,Orv,Nicol,onicolqy@scribd.com,Surveyor
972,Hillier,Spilsted,hspilstedqz@adobe.com,Construction Manager
973,Tades,O'Cleary,toclearyr0@networksolutions.com,Construction Foreman
974,Kylila,Candie,kcandier1@sina.com.cn,Project Manager
975,Luci,Doll,ldollr2@whitehouse.gov,Engineer
976,Saunders,Flarity,sflarityr3@reverbnation.com,Estimator
977,Skippie,Baseggio,sbaseggior4@prlog.org,Construction Manager
978,Arlen,Loveard,aloveardr5@multiply.com,Project Manager
979,Natala,Arpin,narpinr6@hp.com,Supervisor
980,Mannie,Barreau,mbarreaur7@mit.edu,Surveyor
981,Ivor,Gillino,igillinor8@telegraph.co.uk,Estimator
982,Portie,Spriggs,pspriggsr9@w3.org,Subcontractor
983,Christie,Muzzini,cmuzzinira@icq.com,Architect
984,Consuelo,Rout,croutrb@angelfire.com,Engineer
985,Gail,Stollenwerck,gstollenwerckrc@mapy.cz,Architect
986,Wells,Brearton,wbreartonrd@sohu.com,Estimator
987,Cullie,Kibble,ckibblere@latimes.com,Architect
988,Tulley,Sawkin,tsawkinrf@technorati.com,Supervisor
989,Lily,Ryding,lrydingrg@free.fr,Project Manager
990,Tallie,Mayman,tmaymanrh@mozilla.org,Electrician
991,Robenia,Dobrovolny,rdobrovolnyri@omniture.com,Engineer
992,Alfonse,Parncutt,aparncuttrj@nps.gov,Construction Expeditor
993,Lacy,Brugmann,lbrugmannrk@discovery.com,Project Manager
994,Garwin,Allender,gallenderrl@java.com,Construction Manager
995,Loella,Varns,lvarnsrm@cpanel.net,Construction Expeditor
996,Rhody,Niles,rnilesrn@histats.com,Construction Worker
997,Bryce,Tessier,btessierro@google.de,Electrician
998,Chelsy,Croome,ccroomerp@hibu.com,Supervisor
999,Frannie,Kolinsky,fkolinskyrq@mit.edu,Construction Worker
1000,Reggie,Zorzutti,rzorzuttirr@time.com,Subcontractor
